date,time,total_count,today_count,tank_beans,tank_water,tank_milk,barometer,thermometer
2021-01-01,09:00:00,100,0,500,1600,950,15.0,95.0
2021-01-01,09:01:00,101,1,488,1400,850,14.9,94.9
2021-01-01,09:02:00,102,2,468,1050,775,15.0,100.0
2021-01-01,09:03:00,102,2,468,1550,775,15.0,100.0
2021-01-01,09:04:00,103,3,448,1200,700,14.9,99.9
2021-01-01,09:05:00,104,4,436,1000,600,15.0,99.80000000000001
2021-01-01,09:06:00,105,5,420,1500,600,14.9,100.0
2021-01-01,09:07:00,106,6,400,1150,525,15.0,99.9
2021-01-01,09:08:00,106,6,400,1150,525,15.0,99.9
2021-01-01,09:09:00,107,7,388,950,425,14.9,99.80000000000001
2021-01-01,09:10:00,108,8,372,1450,425,15.0,100.0
2021-01-01,09:11:00,108,8,372,1450,425,15.0,100.0
2021-01-01,09:12:00,109,9,360,1250,325,14.9,99.9
2021-01-01,09:13:00,109,9,360,1250,325,15.0,99.9
2021-01-01,09:14:00,110,10,348,1050,225,14.9,99.80000000000001
2021-01-01,09:15:00,111,11,332,1550,1175,15.0,100.0
2021-01-01,09:16:00,111,11,332,1550,1175,15.0,100.0
2021-01-01,09:17:00,112,12,320,1350,1075,14.9,99.9
2021-01-01,09:18:00,112,12,320,1350,1075,15.0,99.9
2021-01-01,09:19:00,113,13,304,1100,1075,14.9,99.80000000000001
2021-01-01,09:20:00,114,14,292,900,975,15.0,99.70000000000002
2021-01-01,09:21:00,114,14,292,1400,975,15.0,100.0
2021-01-01,09:22:00,115,15,272,1050,900,14.9,99.9
2021-01-01,09:23:00,116,16,256,1550,900,15.0,100.0
2021-01-01,09:24:00,117,17,240,1300,900,14.9,99.9
2021-01-01,09:25:00,118,18,228,1100,800,15.0,99.80000000000001
2021-01-01,09:26:00,118,18,228,1100,800,15.0,99.80000000000001
2021-01-01,09:27:00,118,18,228,1100,800,15.0,99.80000000000001
2021-01-01,09:28:00,118,18,228,1100,800,15.0,99.80000000000001
2021-01-01,09:29:00,119,19,208,750,725,14.9,99.70000000000002
2021-01-01,09:30:00,120,20,188,1250,650,15.0,100.0
2021-01-01,09:31:00,121,21,642,900,575,14.9,99.9
2021-01-01,09:32:00,121,21,642,1400,575,15.0,100.0
2021-01-01,09:33:00,122,22,626,1150,575,14.9,99.9
2021-01-01,09:34:00,123,23,610,900,575,15.0,99.80000000000001
2021-01-01,09:35:00,124,24,598,1400,475,14.9,100.0
2021-01-01,09:36:00,125,25,582,1150,475,15.0,99.9
2021-01-01,09:37:00,126,26,562,800,400,14.9,99.80000000000001
2021-01-01,09:38:00,127,27,542,1300,325,15.0,100.0
2021-01-01,09:39:00,127,27,542,1300,325,15.0,100.0
2021-01-01,09:40:00,127,27,542,1300,325,15.0,100.0
2021-01-01,09:41:00,128,28,522,950,250,14.9,99.9
2021-01-01,09:42:00,129,29,502,1450,175,15.0,100.0
2021-01-01,09:43:00,130,30,482,1100,1125,14.9,99.9
2021-01-01,09:44:00,131,31,466,850,1125,15.0,99.80000000000001
2021-01-01,09:45:00,132,32,450,1350,1125,14.9,100.0
2021-01-01,09:46:00,133,33,434,1100,1125,15.0,99.9
2021-01-01,09:47:00,134,34,418,850,1125,14.9,99.80000000000001
2021-01-01,09:48:00,135,35,398,1350,1050,15.0,100.0
2021-01-01,09:49:00,136,36,382,1100,1050,14.9,99.9
2021-01-01,09:50:00,136,36,382,1100,1050,15.0,99.9
2021-01-01,09:51:00,136,36,382,1100,1050,15.0,99.9
2021-01-01,09:52:00,136,36,382,1100,1050,15.0,99.9
2021-01-01,09:53:00,137,37,362,750,975,14.9,99.80000000000001
2021-01-01,09:54:00,138,38,350,1250,875,15.0,100.0
2021-01-01,09:55:00,139,39,338,1050,775,14.9,99.9
2021-01-01,09:56:00,140,40,318,1550,700,15.0,100.0
2021-01-01,09:57:00,141,41,306,1350,600,14.9,99.9
2021-01-01,09:58:00,142,42,294,1150,500,15.0,99.80000000000001
2021-01-01,09:59:00,142,42,294,1150,500,15.0,99.80000000000001
2021-01-01,10:00:00,143,43,278,900,500,14.9,99.70000000000002
2021-01-01,10:01:00,143,43,278,1400,500,15.0,100.0
2021-01-01,10:02:00,143,43,278,1400,500,15.0,100.0
2021-01-01,10:03:00,144,44,262,1150,500,14.9,99.9
2021-01-01,10:04:00,144,44,262,1150,500,15.0,99.9
2021-01-01,10:05:00,145,45,246,900,500,14.9,99.80000000000001
2021-01-01,10:06:00,146,46,226,1400,425,15.0,100.0
2021-01-01,10:07:00,147,47,210,1150,425,14.9,99.9
2021-01-01,10:08:00,147,47,210,1150,425,15.0,99.9
2021-01-01,10:09:00,147,47,210,1150,425,15.0,99.9
2021-01-01,10:10:00,147,47,210,1150,425,15.0,99.9
2021-01-01,10:11:00,148,48,198,950,325,14.9,99.80000000000001
2021-01-01,10:12:00,149,49,652,1450,250,15.0,100.0
2021-01-01,10:13:00,149,49,652,1450,250,15.0,100.0
2021-01-01,10:14:00,150,50,640,1250,150,14.9,99.9
2021-01-01,10:15:00,150,50,640,1250,1100,15.0,99.9
2021-01-01,10:16:00,151,51,624,1000,1100,14.9,99.80000000000001
2021-01-01,10:17:00,152,52,604,1500,1025,15.0,100.0
2021-01-01,10:18:00,153,53,588,1250,1025,14.9,99.9
2021-01-01,10:19:00,154,54,576,1050,925,15.0,99.80000000000001
2021-01-01,10:20:00,155,55,560,1550,925,14.9,100.0
2021-01-01,10:21:00,156,56,544,1300,925,15.0,99.9
2021-01-01,10:22:00,157,57,528,1050,925,14.9,99.80000000000001
2021-01-01,10:23:00,158,58,508,1550,850,15.0,100.0
2021-01-01,10:24:00,158,58,508,1550,850,15.0,100.0
2021-01-01,10:25:00,158,58,508,1550,850,15.0,100.0
2021-01-01,10:26:00,159,59,488,1200,775,14.9,99.9
2021-01-01,10:27:00,160,60,472,950,775,15.0,99.80000000000001
2021-01-01,10:28:00,161,61,456,1450,775,14.9,100.0
2021-01-01,10:29:00,162,62,436,1100,700,15.0,99.9
2021-01-01,10:30:00,163,63,420,850,700,14.9,99.80000000000001
2021-01-01,10:31:00,164,64,408,1350,600,15.0,100.0
2021-01-01,10:32:00,165,65,388,1000,525,14.9,99.9
2021-01-01,10:33:00,166,66,368,1500,450,15.0,100.0
2021-01-01,10:34:00,166,66,368,1500,450,15.0,100.0
2021-01-01,10:35:00,167,67,348,1150,375,14.9,99.9
2021-01-01,10:36:00,167,67,348,1150,375,15.0,99.9
2021-01-01,10:37:00,168,68,332,900,375,14.9,99.80000000000001
2021-01-01,10:38:00,169,69,320,1400,275,15.0,100.0
2021-01-01,10:39:00,170,70,308,1200,175,14.9,99.9
2021-01-01,10:40:00,171,71,288,850,1125,15.0,99.80000000000001
2021-01-01,10:41:00,171,71,288,1350,1125,15.0,100.0
2021-01-01,10:42:00,172,72,272,1100,1125,14.9,99.9
2021-01-01,10:43:00,173,73,260,900,1025,15.0,99.80000000000001
2021-01-01,10:44:00,174,74,244,1400,1025,14.9,100.0
2021-01-01,10:45:00,175,75,232,1200,925,15.0,99.9
2021-01-01,10:46:00,176,76,216,950,925,14.9,99.80000000000001
2021-01-01,10:47:00,177,77,200,1450,925,15.0,100.0
2021-01-01,10:48:00,178,78,180,1100,850,14.9,99.9
2021-01-01,10:49:00,179,79,634,750,775,15.0,99.80000000000001
2021-01-01,10:50:00,179,79,634,1250,775,15.0,100.0
2021-01-01,10:51:00,180,80,618,1000,775,14.9,99.9
2021-01-01,10:52:00,181,81,598,1500,700,15.0,100.0
2021-01-01,10:53:00,182,82,586,1300,600,14.9,99.9
2021-01-01,10:54:00,182,82,586,1300,600,15.0,99.9
2021-01-01,10:55:00,183,83,570,1050,600,14.9,99.80000000000001
2021-01-01,10:56:00,184,84,558,1550,500,15.0,100.0
2021-01-01,10:57:00,185,85,538,1200,425,14.9,99.9
2021-01-01,10:58:00,185,85,538,1200,425,15.0,99.9
2021-01-01,10:59:00,186,86,526,1000,325,14.9,99.80000000000001
2021-01-01,11:00:00,187,87,514,1500,225,15.0,100.0
2021-01-01,11:01:00,187,87,514,1500,1175,15.0,100.0
2021-01-01,11:02:00,188,88,502,1300,1075,14.9,99.9
2021-01-01,11:03:00,189,89,482,950,1000,15.0,99.80000000000001
2021-01-01,11:04:00,190,90,470,1450,900,14.9,100.0
2021-01-01,11:05:00,191,91,454,1200,900,15.0,99.9
2021-01-01,11:06:00,192,92,438,950,900,14.9,99.80000000000001
2021-01-01,11:07:00,193,93,418,1450,825,15.0,100.0
2021-01-01,11:08:00,194,94,402,1200,825,14.9,99.9
2021-01-01,11:09:00,195,95,386,950,825,15.0,99.80000000000001
2021-01-01,11:10:00,195,95,386,1450,825,15.0,100.0
2021-01-01,11:11:00,196,96,370,1200,825,14.9,99.9
2021-01-01,11:12:00,197,97,350,850,750,15.0,99.80000000000001
2021-01-01,11:13:00,198,98,330,1350,675,14.9,100.0
2021-01-01,11:14:00,199,99,318,1150,575,15.0,99.9
2021-01-01,11:15:00,200,100,298,800,500,14.9,99.80000000000001
2021-01-01,11:16:00,201,101,278,1300,425,15.0,100.0
2021-01-01,11:17:00,201,101,278,1300,425,15.0,100.0
2021-01-01,11:18:00,202,102,258,950,350,14.9,99.9
2021-01-01,11:19:00,202,102,258,1450,350,15.0,100.0
2021-01-01,11:20:00,203,103,242,1200,350,14.9,99.9
2021-01-01,11:21:00,204,104,226,950,350,15.0,99.80000000000001
2021-01-01,11:22:00,205,105,206,1450,275,14.9,100.0
2021-01-01,11:23:00,206,106,190,1200,275,15.0,99.9
2021-01-01,11:24:00,207,107,644,950,275,14.9,99.80000000000001
2021-01-01,11:25:00,207,107,644,1450,275,15.0,100.0
2021-01-01,11:26:00,208,108,632,1250,175,14.9,99.9
2021-01-01,11:27:00,209,109,612,900,1125,15.0,99.80000000000001
2021-01-01,11:28:00,210,110,600,1400,1025,14.9,100.0
2021-01-01,11:29:00,210,110,600,1400,1025,15.0,100.0
2021-01-01,11:30:00,211,111,588,1200,925,14.9,99.9
2021-01-01,11:31:00,211,111,588,1200,925,15.0,99.9
2021-01-01,11:32:00,212,112,572,950,925,14.9,99.80000000000001
2021-01-01,11:33:00,213,113,560,1450,825,15.0,100.0
2021-01-01,11:34:00,214,114,540,1100,750,14.9,99.9
2021-01-01,11:35:00,215,115,524,850,750,15.0,99.80000000000001
2021-01-01,11:36:00,215,115,524,1350,750,15.0,100.0
2021-01-01,11:37:00,215,115,524,1350,750,15.0,100.0
2021-01-01,11:38:00,216,116,512,1150,650,14.9,99.9
2021-01-01,11:39:00,216,116,512,1150,650,15.0,99.9
2021-01-01,11:40:00,217,117,492,800,575,14.9,99.80000000000001
2021-01-01,11:41:00,218,118,472,1300,500,15.0,100.0
2021-01-01,11:42:00,218,118,472,1300,500,15.0,100.0
2021-01-01,11:43:00,219,119,456,1050,500,14.9,99.9
2021-01-01,11:44:00,219,119,456,1550,500,15.0,100.0
2021-01-01,11:45:00,220,120,440,1300,500,14.9,99.9
2021-01-01,11:46:00,221,121,420,950,425,15.0,99.80000000000001
2021-01-01,11:47:00,222,122,408,1450,325,14.9,100.0
2021-01-01,11:48:00,223,123,388,1100,250,15.0,99.9
2021-01-01,11:49:00,224,124,376,900,150,14.9,99.80000000000001
2021-01-01,11:50:00,225,125,356,1400,1100,15.0,100.0
2021-01-01,11:51:00,226,126,340,1150,1100,14.9,99.9
2021-01-01,11:52:00,227,127,320,800,1025,15.0,99.80000000000001
2021-01-01,11:53:00,228,128,304,1300,1025,14.9,100.0
2021-01-01,11:54:00,229,129,284,950,950,15.0,99.9
2021-01-01,11:55:00,230,130,264,1450,875,14.9,100.0
2021-01-01,11:56:00,231,131,244,1100,800,15.0,99.9
2021-01-01,11:57:00,231,131,244,1100,800,15.0,99.9
2021-01-01,11:58:00,232,132,232,900,700,14.9,99.80000000000001
2021-01-01,11:59:00,233,133,216,1400,700,15.0,100.0
2021-01-01,12:00:00,234,134,200,1150,700,14.9,99.9
2021-01-01,12:01:00,234,134,200,1150,700,15.0,99.9
2021-01-01,12:02:00,234,134,200,1150,700,15.0,99.9
2021-01-01,12:03:00,235,135,180,800,625,14.9,99.80000000000001
2021-01-01,12:04:00,236,136,634,1300,525,15.0,100.0
2021-01-01,12:05:00,237,137,618,1050,525,14.9,99.9
2021-01-01,12:06:00,238,138,606,1550,425,15.0,100.0
2021-01-01,12:07:00,239,139,586,1200,350,14.9,99.9
2021-01-01,12:08:00,240,140,566,850,275,15.0,99.80000000000001
2021-01-01,12:09:00,241,141,554,1350,175,14.9,100.0
2021-01-01,12:10:00,241,141,554,1350,1125,15.0,100.0
2021-01-01,12:11:00,241,141,554,1350,1125,15.0,100.0
2021-01-01,12:12:00,241,141,554,1350,1125,15.0,100.0
2021-01-01,12:13:00,241,141,554,1350,1125,15.0,100.0
2021-01-01,12:14:00,242,142,542,1150,1025,14.9,99.9
2021-01-01,12:15:00,243,143,522,800,950,15.0,99.80000000000001
2021-01-01,12:16:00,244,144,506,1300,950,14.9,100.0
2021-01-01,12:17:00,245,145,494,1100,850,15.0,99.9
2021-01-01,12:18:00,246,146,482,900,750,14.9,99.80000000000001
2021-01-01,12:19:00,247,147,470,1400,650,15.0,100.0
2021-01-01,12:20:00,248,148,458,1200,550,14.9,99.9
2021-01-01,12:21:00,248,148,458,1200,550,15.0,99.9
2021-01-01,12:22:00,249,149,446,1000,450,14.9,99.80000000000001
2021-01-01,12:23:00,250,150,430,1500,450,15.0,100.0
2021-01-01,12:24:00,251,151,410,1150,375,14.9,99.9
2021-01-01,12:25:00,252,152,390,800,300,15.0,99.80000000000001
2021-01-01,12:26:00,252,152,390,1300,300,15.0,100.0
2021-01-01,12:27:00,253,153,378,1100,200,14.9,99.9
2021-01-01,12:28:00,253,153,378,1100,1150,15.0,99.9
2021-01-01,12:29:00,254,154,366,900,1050,14.9,99.80000000000001
2021-01-01,12:30:00,254,154,366,1400,1050,15.0,100.0
2021-01-01,12:31:00,255,155,350,1150,1050,14.9,99.9
2021-01-01,12:32:00,256,156,330,800,975,15.0,99.80000000000001
2021-01-01,12:33:00,256,156,330,1300,975,15.0,100.0
2021-01-01,12:34:00,257,157,314,1050,975,14.9,99.9
2021-01-01,12:35:00,257,157,314,1550,975,15.0,100.0
2021-01-01,12:36:00,257,157,314,1550,975,15.0,100.0
2021-01-01,12:37:00,257,157,314,1550,975,15.0,100.0
2021-01-01,12:38:00,258,158,294,1200,900,14.9,99.9
2021-01-01,12:39:00,259,159,274,850,825,15.0,99.80000000000001
2021-01-01,12:40:00,259,159,274,1350,825,15.0,100.0
2021-01-01,12:41:00,260,160,262,1150,725,14.9,99.9
2021-01-01,12:42:00,261,161,246,900,725,15.0,99.80000000000001
2021-01-01,12:43:00,261,161,246,1400,725,15.0,100.0
2021-01-01,12:44:00,262,162,226,1050,650,14.9,99.9
2021-01-01,12:45:00,262,162,226,1550,650,15.0,100.0
2021-01-01,12:46:00,262,162,226,1550,650,15.0,100.0
2021-01-01,12:47:00,263,163,214,1350,550,14.9,99.9
2021-01-01,12:48:00,263,163,214,1350,550,15.0,99.9
2021-01-01,12:49:00,264,164,198,1100,550,14.9,99.80000000000001
2021-01-01,12:50:00,265,165,652,750,475,15.0,99.70000000000002
2021-01-01,12:51:00,266,166,640,1250,375,14.9,100.0
2021-01-01,12:52:00,267,167,628,1050,275,15.0,99.9
2021-01-01,12:53:00,268,168,612,1550,275,14.9,100.0
2021-01-01,12:54:00,269,169,592,1200,200,15.0,99.9
2021-01-01,12:55:00,269,169,592,1200,1150,15.0,99.9
2021-01-01,12:56:00,269,169,592,1200,1150,15.0,99.9
2021-01-01,12:57:00,270,170,572,850,1075,14.9,99.80000000000001
2021-01-01,12:58:00,270,170,572,1350,1075,15.0,100.0
2021-01-01,12:59:00,271,171,556,1100,1075,14.9,99.9
2021-01-01,13:00:00,272,172,544,900,975,15.0,99.80000000000001
2021-01-01,13:01:00,272,172,544,1400,975,15.0,100.0
2021-01-01,13:02:00,273,173,532,1200,875,14.9,99.9
2021-01-01,13:03:00,274,174,516,950,875,15.0,99.80000000000001
2021-01-01,13:04:00,275,175,496,1450,800,14.9,100.0
2021-01-01,13:05:00,276,176,484,1250,700,15.0,99.9
2021-01-01,13:06:00,277,177,464,900,625,14.9,99.80000000000001
2021-01-01,13:07:00,278,178,448,1400,625,15.0,100.0
2021-01-01,13:08:00,279,179,432,1150,625,14.9,99.9
2021-01-01,13:09:00,279,179,432,1150,625,15.0,99.9
2021-01-01,13:10:00,279,179,432,1150,625,15.0,99.9
2021-01-01,13:11:00,280,180,412,800,550,14.9,99.80000000000001
2021-01-01,13:12:00,280,180,412,1300,550,15.0,100.0
2021-01-01,13:13:00,280,180,412,1300,550,15.0,100.0
2021-01-01,13:14:00,280,180,412,1300,550,15.0,100.0
2021-01-01,13:15:00,281,181,396,1050,550,14.9,99.9
2021-01-01,13:16:00,282,182,376,1550,475,15.0,100.0
2021-01-01,13:17:00,283,183,364,1350,375,14.9,99.9
2021-01-01,13:18:00,283,183,364,1350,375,15.0,99.9
2021-01-01,13:19:00,284,184,348,1100,375,14.9,99.80000000000001
2021-01-01,13:20:00,284,184,348,1100,375,15.0,99.80000000000001
2021-01-01,13:21:00,285,185,336,900,275,14.9,99.70000000000002
2021-01-01,13:22:00,286,186,320,1400,275,15.0,100.0
2021-01-01,13:23:00,287,187,300,1050,200,14.9,99.9
2021-01-01,13:24:00,288,188,284,1550,1150,15.0,100.0
2021-01-01,13:25:00,289,189,268,1300,1150,14.9,99.9
2021-01-01,13:26:00,290,190,256,1100,1050,15.0,99.80000000000001
2021-01-01,13:27:00,291,191,244,900,950,14.9,99.70000000000002
2021-01-01,13:28:00,292,192,228,1400,950,15.0,100.0
2021-01-01,13:29:00,293,193,216,1200,850,14.9,99.9
2021-01-01,13:30:00,293,193,216,1200,850,15.0,99.9
2021-01-01,13:31:00,294,194,196,850,775,14.9,99.80000000000001
2021-01-01,13:32:00,295,195,650,1350,700,15.0,100.0
2021-01-01,13:33:00,296,196,634,1100,700,14.9,99.9
2021-01-01,13:34:00,297,197,622,900,600,15.0,99.80000000000001
2021-01-01,13:35:00,298,198,610,1400,500,14.9,100.0
2021-01-01,13:36:00,299,199,594,1150,500,15.0,99.9
2021-01-01,13:37:00,300,200,574,800,425,14.9,99.80000000000001
2021-01-01,13:38:00,300,200,574,1300,425,15.0,100.0
2021-01-01,13:39:00,300,200,574,1300,425,15.0,100.0
2021-01-01,13:40:00,300,200,574,1300,425,15.0,100.0
2021-01-01,13:41:00,301,201,562,1100,325,14.9,99.9
2021-01-01,13:42:00,302,202,542,750,250,15.0,99.80000000000001
2021-01-01,13:43:00,302,202,542,1250,250,15.0,100.0
2021-01-01,13:44:00,302,202,542,1250,250,15.0,100.0
2021-01-01,13:45:00,303,203,526,1000,250,14.9,99.9
2021-01-01,13:46:00,304,204,506,1500,175,15.0,100.0
2021-01-01,13:47:00,304,204,506,1500,1125,15.0,100.0
2021-01-01,13:48:00,305,205,486,1150,1050,14.9,99.9
2021-01-01,13:49:00,306,206,466,800,975,15.0,99.80000000000001
2021-01-01,13:50:00,307,207,454,1300,875,14.9,100.0
2021-01-01,13:51:00,308,208,442,1100,775,15.0,99.9
2021-01-01,13:52:00,308,208,442,1100,775,15.0,99.9
2021-01-01,13:53:00,309,209,422,750,700,14.9,99.80000000000001
2021-01-01,13:54:00,310,210,406,1250,700,15.0,100.0
2021-01-01,13:55:00,310,210,406,1250,700,15.0,100.0
2021-01-01,13:56:00,311,211,386,900,625,14.9,99.9
2021-01-01,13:57:00,312,212,374,1400,525,15.0,100.0
2021-01-01,13:58:00,313,213,362,1200,425,14.9,99.9
2021-01-01,13:59:00,314,214,342,850,350,15.0,99.80000000000001
2021-01-01,14:00:00,314,214,342,1350,350,15.0,100.0
2021-01-01,14:01:00,315,215,322,1000,275,14.9,99.9
2021-01-01,14:02:00,315,215,322,1500,275,15.0,100.0
2021-01-01,14:03:00,315,215,322,1500,275,15.0,100.0
2021-01-01,14:04:00,316,216,306,1250,275,14.9,99.9
2021-01-01,14:05:00,317,217,290,1000,275,15.0,99.80000000000001
2021-01-01,14:06:00,317,217,290,1500,275,15.0,100.0
2021-01-01,14:07:00,318,218,278,1300,175,14.9,99.9
2021-01-01,14:08:00,318,218,278,1300,1125,15.0,99.9
2021-01-01,14:09:00,319,219,266,1100,1025,14.9,99.80000000000001
2021-01-01,14:10:00,319,219,266,1100,1025,15.0,99.80000000000001
2021-01-01,14:11:00,320,220,246,750,950,14.9,99.70000000000002
2021-01-01,14:12:00,320,220,246,1250,950,15.0,100.0
2021-01-01,14:13:00,321,221,234,1050,850,14.9,99.9
2021-01-01,14:14:00,322,222,218,1550,850,15.0,100.0
2021-01-01,14:15:00,323,223,202,1300,850,14.9,99.9
2021-01-01,14:16:00,323,223,202,1300,850,15.0,99.9
2021-01-01,14:17:00,324,224,182,950,775,14.9,99.80000000000001
2021-01-01,14:18:00,324,224,636,1450,775,15.0,100.0
2021-01-01,14:19:00,324,224,636,1450,775,15.0,100.0
2021-01-01,14:20:00,325,225,620,1200,775,14.9,99.9
2021-01-01,14:21:00,326,226,608,1000,675,15.0,99.80000000000001
2021-01-01,14:22:00,326,226,608,1500,675,15.0,100.0
2021-01-01,14:23:00,327,227,588,1150,600,14.9,99.9
2021-01-01,14:24:00,328,228,572,900,600,15.0,99.80000000000001
2021-01-01,14:25:00,329,229,556,1400,600,14.9,100.0
2021-01-01,14:26:00,330,230,536,1050,525,15.0,99.9
2021-01-01,14:27:00,330,230,536,1550,525,15.0,100.0
2021-01-01,14:28:00,330,230,536,1550,525,15.0,100.0
2021-01-01,14:29:00,331,231,524,1350,425,14.9,99.9
2021-01-01,14:30:00,332,232,504,1000,350,15.0,99.80000000000001
2021-01-01,14:31:00,332,232,504,1500,350,15.0,100.0
2021-01-01,14:32:00,332,232,504,1500,350,15.0,100.0
2021-01-01,14:33:00,332,232,504,1500,350,15.0,100.0
2021-01-01,14:34:00,332,232,504,1500,350,15.0,100.0
2021-01-01,14:35:00,333,233,484,1150,275,14.9,99.9
2021-01-01,14:36:00,334,234,468,900,275,15.0,99.80000000000001
2021-01-01,14:37:00,334,234,468,1400,275,15.0,100.0
2021-01-01,14:38:00,335,235,456,1200,175,14.9,99.9
2021-01-01,14:39:00,336,236,444,1000,1125,15.0,99.80000000000001
2021-01-01,14:40:00,336,236,444,1500,1125,15.0,100.0
2021-01-01,14:41:00,337,237,424,1150,1050,14.9,99.9
2021-01-01,14:42:00,338,238,412,950,950,15.0,99.80000000000001
2021-01-01,14:43:00,338,238,412,1450,950,15.0,100.0
2021-01-01,14:44:00,338,238,412,1450,950,15.0,100.0
2021-01-01,14:45:00,339,239,392,1100,875,14.9,99.9
2021-01-01,14:46:00,340,240,376,850,875,15.0,99.80000000000001
2021-01-01,14:47:00,340,240,376,1350,875,15.0,100.0
2021-01-01,14:48:00,341,241,364,1150,775,14.9,99.9
2021-01-01,14:49:00,341,241,364,1150,775,15.0,99.9
2021-01-01,14:50:00,342,242,352,950,675,14.9,99.80000000000001
2021-01-01,14:51:00,343,243,332,1450,600,15.0,100.0
2021-01-01,14:52:00,344,244,320,1250,500,14.9,99.9
2021-01-01,14:53:00,344,244,320,1250,500,15.0,99.9
2021-01-01,14:54:00,345,245,300,900,425,14.9,99.80000000000001
2021-01-01,14:55:00,346,246,284,1400,425,15.0,100.0
2021-01-01,14:56:00,346,246,284,1400,425,15.0,100.0
2021-01-01,14:57:00,346,246,284,1400,425,15.0,100.0
2021-01-01,14:58:00,346,246,284,1400,425,15.0,100.0
2021-01-01,14:59:00,347,247,268,1150,425,14.9,99.9
2021-01-01,15:00:00,348,248,252,900,425,15.0,99.80000000000001
2021-01-01,15:01:00,349,249,236,1400,425,14.9,100.0
2021-01-01,15:02:00,349,249,236,1400,425,15.0,100.0
2021-01-01,15:03:00,350,250,220,1150,425,14.9,99.9
2021-01-01,15:04:00,350,250,220,1150,425,15.0,99.9
2021-01-01,15:05:00,350,250,220,1150,425,15.0,99.9
2021-01-01,15:06:00,350,250,220,1150,425,15.0,99.9
2021-01-01,15:07:00,350,250,220,1150,425,15.0,99.9
2021-01-01,15:08:00,351,251,208,950,325,14.9,99.80000000000001
2021-01-01,15:09:00,352,252,188,1450,250,15.0,100.0
2021-01-01,15:10:00,353,253,642,1100,175,14.9,99.9
2021-01-01,15:11:00,354,254,626,850,1125,15.0,99.80000000000001
2021-01-01,15:12:00,354,254,626,1350,1125,15.0,100.0
2021-01-01,15:13:00,354,254,626,1350,1125,15.0,100.0
2021-01-01,15:14:00,355,255,610,1100,1125,14.9,99.9
2021-01-01,15:15:00,355,255,610,1100,1125,15.0,99.9
2021-01-01,15:16:00,355,255,610,1100,1125,15.0,99.9
2021-01-01,15:17:00,356,256,594,850,1125,14.9,99.80000000000001
2021-01-01,15:18:00,356,256,594,1350,1125,15.0,100.0
2021-01-01,15:19:00,357,257,578,1100,1125,14.9,99.9
2021-01-01,15:20:00,358,258,566,900,1025,15.0,99.80000000000001
2021-01-01,15:21:00,358,258,566,1400,1025,15.0,100.0
2021-01-01,15:22:00,358,258,566,1400,1025,15.0,100.0
2021-01-01,15:23:00,359,259,546,1050,950,14.9,99.9
2021-01-01,15:24:00,360,260,526,1550,875,15.0,100.0
2021-01-01,15:25:00,361,261,506,1200,800,14.9,99.9
2021-01-01,15:26:00,362,262,486,850,725,15.0,99.80000000000001
2021-01-01,15:27:00,363,263,474,1350,625,14.9,100.0
2021-01-01,15:28:00,364,264,458,1100,625,15.0,99.9
2021-01-01,15:29:00,364,264,458,1100,625,15.0,99.9
2021-01-01,15:30:00,364,264,458,1100,625,15.0,99.9
2021-01-01,15:31:00,365,265,442,850,625,14.9,99.80000000000001
2021-01-01,15:32:00,365,265,442,1350,625,15.0,100.0
2021-01-01,15:33:00,366,266,426,1100,625,14.9,99.9
2021-01-01,15:34:00,366,266,426,1100,625,15.0,99.9
2021-01-01,15:35:00,367,267,410,850,625,14.9,99.80000000000001
2021-01-01,15:36:00,367,267,410,1350,625,15.0,100.0
2021-01-01,15:37:00,368,268,398,1150,525,14.9,99.9
2021-01-01,15:38:00,368,268,398,1150,525,15.0,99.9
2021-01-01,15:39:00,368,268,398,1150,525,15.0,99.9
2021-01-01,15:40:00,369,269,382,900,525,14.9,99.80000000000001
2021-01-01,15:41:00,370,270,366,1400,525,15.0,100.0
2021-01-01,15:42:00,371,271,346,1050,450,14.9,99.9
2021-01-01,15:43:00,372,272,330,1550,450,15.0,100.0
2021-01-01,15:44:00,373,273,310,1200,375,14.9,99.9
2021-01-01,15:45:00,373,273,310,1200,375,15.0,99.9
2021-01-01,15:46:00,374,274,294,950,375,14.9,99.80000000000001
2021-01-01,15:47:00,374,274,294,1450,375,15.0,100.0
2021-01-01,15:48:00,375,275,282,1250,275,14.9,99.9
2021-01-01,15:49:00,376,276,266,1000,275,15.0,99.80000000000001
2021-01-01,15:50:00,377,277,254,1500,175,14.9,100.0
2021-01-01,15:51:00,377,277,254,1500,1125,15.0,100.0
2021-01-01,15:52:00,378,278,234,1150,1050,14.9,99.9
2021-01-01,15:53:00,378,278,234,1150,1050,15.0,99.9
2021-01-01,15:54:00,378,278,234,1150,1050,15.0,99.9
2021-01-01,15:55:00,379,279,218,900,1050,14.9,99.80000000000001
2021-01-01,15:56:00,380,280,206,1400,950,15.0,100.0
2021-01-01,15:57:00,381,281,194,1200,850,14.9,99.9
2021-01-01,15:58:00,382,282,648,850,775,15.0,99.80000000000001
2021-01-01,15:59:00,383,283,632,1350,775,14.9,100.0
2021-01-01,16:00:00,383,283,632,1350,775,15.0,100.0
2021-01-01,16:01:00,383,283,632,1350,775,15.0,100.0
2021-01-01,16:02:00,384,284,620,1150,675,14.9,99.9
2021-01-01,16:03:00,385,285,604,900,675,15.0,99.80000000000001
2021-01-01,16:04:00,386,286,588,1400,675,14.9,100.0
2021-01-01,16:05:00,387,287,576,1200,575,15.0,99.9
2021-01-01,16:06:00,387,287,576,1200,575,15.0,99.9
2021-01-01,16:07:00,388,288,564,1000,475,14.9,99.80000000000001
2021-01-01,16:08:00,388,288,564,1500,475,15.0,100.0
2021-01-01,16:09:00,389,289,544,1150,400,14.9,99.9
2021-01-01,16:10:00,390,290,528,900,400,15.0,99.80000000000001
2021-01-01,16:11:00,390,290,528,1400,400,15.0,100.0
2021-01-01,16:12:00,391,291,516,1200,300,14.9,99.9
2021-01-01,16:13:00,392,292,500,950,300,15.0,99.80000000000001
2021-01-01,16:14:00,393,293,488,1450,200,14.9,100.0
2021-01-01,16:15:00,394,294,468,1100,1150,15.0,99.9
2021-01-01,16:16:00,395,295,448,750,1075,14.9,99.80000000000001
2021-01-01,16:17:00,396,296,436,1250,975,15.0,100.0
2021-01-01,16:18:00,397,297,424,1050,875,14.9,99.9
2021-01-01,16:19:00,398,298,408,1550,875,15.0,100.0
2021-01-01,16:20:00,399,299,396,1350,775,14.9,99.9
2021-01-01,16:21:00,399,299,396,1350,775,15.0,99.9
2021-01-01,16:22:00,399,299,396,1350,775,15.0,99.9
2021-01-01,16:23:00,400,300,384,1150,675,14.9,99.80000000000001
2021-01-01,16:24:00,401,301,364,800,600,15.0,99.70000000000002
2021-01-01,16:25:00,402,302,348,1300,600,14.9,100.0
2021-01-01,16:26:00,403,303,332,1050,600,15.0,99.9
2021-01-01,16:27:00,403,303,332,1550,600,15.0,100.0
2021-01-01,16:28:00,404,304,320,1350,500,14.9,99.9
2021-01-01,16:29:00,405,305,304,1100,500,15.0,99.80000000000001
2021-01-01,16:30:00,406,306,288,850,500,14.9,99.70000000000002
2021-01-01,16:31:00,407,307,268,1350,425,15.0,100.0
2021-01-01,16:32:00,408,308,256,1150,325,14.9,99.9
2021-01-01,16:33:00,408,308,256,1150,325,15.0,99.9
2021-01-01,16:34:00,408,308,256,1150,325,15.0,99.9
2021-01-01,16:35:00,409,309,244,950,225,14.9,99.80000000000001
2021-01-01,16:36:00,409,309,244,1450,1175,15.0,100.0
2021-01-01,16:37:00,410,310,228,1200,1175,14.9,99.9
2021-01-01,16:38:00,410,310,228,1200,1175,15.0,99.9
2021-01-01,16:39:00,411,311,212,950,1175,14.9,99.80000000000001
2021-01-01,16:40:00,412,312,192,1450,1100,15.0,100.0
2021-01-01,16:41:00,413,313,646,1250,1000,14.9,99.9
2021-01-01,16:42:00,413,313,646,1250,1000,15.0,99.9
2021-01-01,16:43:00,414,314,634,1050,900,14.9,99.80000000000001
2021-01-01,16:44:00,414,314,634,1550,900,15.0,100.0
2021-01-01,16:45:00,414,314,634,1550,900,15.0,100.0
2021-01-01,16:46:00,415,315,618,1300,900,14.9,99.9
2021-01-01,16:47:00,416,316,602,1050,900,15.0,99.80000000000001
2021-01-01,16:48:00,417,317,586,1550,900,14.9,100.0
2021-01-01,16:49:00,418,318,566,1200,825,15.0,99.9
2021-01-01,16:50:00,418,318,566,1200,825,15.0,99.9
2021-01-01,16:51:00,419,319,554,1000,725,14.9,99.80000000000001
2021-01-01,16:52:00,419,319,554,1500,725,15.0,100.0
2021-01-01,16:53:00,420,320,538,1250,725,14.9,99.9
2021-01-01,16:54:00,421,321,526,1050,625,15.0,99.80000000000001
2021-01-01,16:55:00,421,321,526,1550,625,15.0,100.0
2021-01-01,16:56:00,421,321,526,1550,625,15.0,100.0
2021-01-01,16:57:00,422,322,506,1200,550,14.9,99.9
2021-01-01,16:58:00,423,323,486,850,475,15.0,99.80000000000001
2021-01-01,16:59:00,423,323,486,1350,475,15.0,100.0
2021-01-01,17:00:00,424,324,466,1000,400,14.9,99.9
2021-01-01,17:01:00,425,325,446,1500,325,15.0,100.0
2021-01-01,17:02:00,426,326,426,1150,250,14.9,99.9
2021-01-01,17:03:00,426,326,426,1150,250,15.0,99.9
2021-01-01,17:04:00,427,327,414,950,150,14.9,99.80000000000001
2021-01-01,17:05:00,428,328,394,1450,1100,15.0,100.0
2021-01-01,17:06:00,429,329,382,1250,1000,14.9,99.9
2021-01-01,17:07:00,430,330,362,900,925,15.0,99.80000000000001
2021-01-01,17:08:00,431,331,342,1400,850,14.9,100.0
2021-01-01,17:09:00,431,331,342,1400,850,15.0,100.0
2021-01-01,17:10:00,432,332,326,1150,850,14.9,99.9
2021-01-01,17:11:00,433,333,310,900,850,15.0,99.80000000000001
2021-01-01,17:12:00,434,334,294,1400,850,14.9,100.0
2021-01-01,17:13:00,434,334,294,1400,850,15.0,100.0
2021-01-01,17:14:00,435,335,274,1050,775,14.9,99.9
2021-01-01,17:15:00,436,336,262,1550,675,15.0,100.0
2021-01-01,17:16:00,437,337,242,1200,600,14.9,99.9
2021-01-01,17:17:00,438,338,230,1000,500,15.0,99.80000000000001
2021-01-01,17:18:00,439,339,214,1500,500,14.9,100.0
2021-01-01,17:19:00,439,339,214,1500,500,15.0,100.0
2021-01-01,17:20:00,440,340,202,1300,400,14.9,99.9
2021-01-01,17:21:00,440,340,202,1300,400,15.0,99.9
2021-01-01,17:22:00,441,341,190,1100,300,14.9,99.80000000000001
2021-01-01,17:23:00,441,341,644,1100,300,15.0,99.80000000000001
2021-01-01,17:24:00,442,342,624,750,225,14.9,99.70000000000002
2021-01-01,17:25:00,442,342,624,1250,1175,15.0,100.0
2021-01-01,17:26:00,443,343,604,900,1100,14.9,99.9
2021-01-01,17:27:00,444,344,588,1400,1100,15.0,100.0
2021-01-01,17:28:00,445,345,572,1150,1100,14.9,99.9
2021-01-01,17:29:00,445,345,572,1150,1100,15.0,99.9
2021-01-01,17:30:00,445,345,572,1150,1100,15.0,99.9
2021-01-01,17:31:00,446,346,556,900,1100,14.9,99.80000000000001
2021-01-01,17:32:00,446,346,556,1400,1100,15.0,100.0
2021-01-01,17:33:00,447,347,536,1050,1025,14.9,99.9
2021-01-01,17:34:00,448,348,516,1550,950,15.0,100.0
2021-01-01,17:35:00,449,349,496,1200,875,14.9,99.9
2021-01-01,17:36:00,450,350,480,950,875,15.0,99.80000000000001
2021-01-01,17:37:00,451,351,468,1450,775,14.9,100.0
2021-01-01,17:38:00,451,351,468,1450,775,15.0,100.0
2021-01-01,17:39:00,452,352,452,1200,775,14.9,99.9
2021-01-01,17:40:00,452,352,452,1200,775,15.0,99.9
2021-01-01,17:41:00,453,353,436,950,775,14.9,99.80000000000001
2021-01-01,17:42:00,454,354,420,1450,775,15.0,100.0
2021-01-01,17:43:00,455,355,400,1100,700,14.9,99.9
2021-01-01,17:44:00,456,356,388,900,600,15.0,99.80000000000001
2021-01-01,17:45:00,457,357,376,1400,500,14.9,100.0
2021-01-01,17:46:00,458,358,356,1050,425,15.0,99.9
2021-01-01,17:47:00,458,358,356,1550,425,15.0,100.0
2021-01-01,17:48:00,458,358,356,1550,425,15.0,100.0
2021-01-01,17:49:00,459,359,336,1200,350,14.9,99.9
2021-01-01,17:50:00,460,360,320,950,350,15.0,99.80000000000001
2021-01-01,17:51:00,460,360,320,1450,350,15.0,100.0
2021-01-01,17:52:00,461,361,308,1250,250,14.9,99.9
2021-01-01,17:53:00,461,361,308,1250,250,15.0,99.9
2021-01-01,17:54:00,461,361,308,1250,250,15.0,99.9
2021-01-01,17:55:00,462,362,296,1050,150,14.9,99.80000000000001
2021-01-01,17:56:00,462,362,296,1550,1100,15.0,100.0
2021-01-01,17:57:00,463,363,284,1350,1000,14.9,99.9
2021-01-01,17:58:00,463,363,284,1350,1000,15.0,99.9
2021-01-01,17:59:00,464,364,264,1000,925,14.9,99.80000000000001
2021-01-01,18:00:00,465,365,252,1500,825,15.0,100.0
2021-01-01,18:01:00,466,366,240,1300,725,14.9,99.9
2021-01-01,18:02:00,467,367,220,950,650,15.0,99.80000000000001
2021-01-01,18:03:00,468,368,204,1450,650,14.9,100.0
2021-01-01,18:04:00,469,369,192,1250,550,15.0,99.9
2021-01-01,18:05:00,469,369,646,1250,550,15.0,99.9
2021-01-01,18:06:00,470,370,634,1050,450,14.9,99.80000000000001
2021-01-01,18:07:00,471,371,614,1550,375,15.0,100.0
2021-01-01,18:08:00,472,372,594,1200,300,14.9,99.9
2021-01-01,18:09:00,473,373,578,950,300,15.0,99.80000000000001
2021-01-01,18:10:00,474,374,566,1450,200,14.9,100.0
2021-01-01,18:11:00,475,375,550,1200,1150,15.0,99.9
2021-01-01,18:12:00,475,375,550,1200,1150,15.0,99.9
2021-01-01,18:13:00,476,376,534,950,1150,14.9,99.80000000000001
2021-01-01,18:14:00,477,377,518,1450,1150,15.0,100.0
2021-01-01,18:15:00,478,378,502,1200,1150,14.9,99.9
2021-01-01,18:16:00,479,379,490,1000,1050,15.0,99.80000000000001
2021-01-01,18:17:00,479,379,490,1500,1050,15.0,100.0
2021-01-01,18:18:00,480,380,474,1250,1050,14.9,99.9
2021-01-01,18:19:00,481,381,454,900,975,15.0,99.80000000000001
2021-01-01,18:20:00,481,381,454,1400,975,15.0,100.0
2021-01-01,18:21:00,481,381,454,1400,975,15.0,100.0
2021-01-01,18:22:00,481,381,454,1400,975,15.0,100.0
2021-01-01,18:23:00,481,381,454,1400,975,15.0,100.0
2021-01-01,18:24:00,481,381,454,1400,975,15.0,100.0
2021-01-01,18:25:00,481,381,454,1400,975,15.0,100.0
2021-01-01,18:26:00,482,382,442,1200,875,14.9,99.9
2021-01-01,18:27:00,482,382,442,1200,875,15.0,99.9
2021-01-01,18:28:00,483,383,426,950,875,14.9,99.80000000000001
2021-01-01,18:29:00,484,384,410,1450,875,15.0,100.0
2021-01-01,18:30:00,485,385,398,1250,775,14.9,99.9
2021-01-01,18:31:00,486,386,386,1050,675,15.0,99.80000000000001
2021-01-01,18:32:00,487,387,374,1550,575,14.9,100.0
2021-01-01,18:33:00,488,388,362,1350,475,15.0,99.9
2021-01-01,18:34:00,488,388,362,1350,475,15.0,99.9
2021-01-01,18:35:00,489,389,350,1150,375,14.9,99.80000000000001
2021-01-01,18:36:00,490,390,330,800,300,15.0,99.70000000000002
2021-01-01,18:37:00,491,391,314,1300,300,14.9,100.0
2021-01-01,18:38:00,492,392,294,950,225,15.0,99.9
2021-01-01,18:39:00,493,393,278,1450,1175,14.9,100.0
2021-01-01,18:40:00,493,393,278,1450,1175,15.0,100.0
2021-01-01,18:41:00,493,393,278,1450,1175,15.0,100.0
2021-01-01,18:42:00,493,393,278,1450,1175,15.0,100.0
2021-01-01,18:43:00,493,393,278,1450,1175,15.0,100.0
2021-01-01,18:44:00,493,393,278,1450,1175,15.0,100.0
2021-01-01,18:45:00,493,393,278,1450,1175,15.0,100.0
2021-01-01,18:46:00,494,394,266,1250,1075,14.9,99.9
2021-01-01,18:47:00,495,395,254,1050,975,15.0,99.80000000000001
2021-01-01,18:48:00,495,395,254,1550,975,15.0,100.0
2021-01-01,18:49:00,496,396,242,1350,875,14.9,99.9
2021-01-01,18:50:00,497,397,230,1150,775,15.0,99.80000000000001
2021-01-01,18:51:00,497,397,230,1150,775,15.0,99.80000000000001
2021-01-01,18:52:00,498,398,218,950,675,14.9,99.70000000000002
2021-01-01,18:53:00,499,399,206,1450,575,15.0,100.0
2021-01-01,18:54:00,499,399,206,1450,575,15.0,100.0
2021-01-01,18:55:00,500,400,186,1100,500,14.9,99.9
2021-01-01,18:56:00,501,401,640,750,425,15.0,99.80000000000001
2021-01-01,18:57:00,501,401,640,1250,425,15.0,100.0
2021-01-01,18:58:00,501,401,640,1250,425,15.0,100.0
2021-01-01,18:59:00,501,401,640,1250,425,15.0,100.0
2021-01-01,19:00:00,502,402,628,1050,325,14.9,99.9
2021-01-01,19:01:00,502,402,628,1550,325,15.0,100.0
2021-01-01,19:02:00,503,403,612,1300,325,14.9,99.9
2021-01-01,19:03:00,503,403,612,1300,325,15.0,99.9
2021-01-01,19:04:00,504,404,600,1100,225,14.9,99.80000000000001
2021-01-01,19:05:00,505,405,588,900,1175,15.0,99.70000000000002
2021-01-01,19:06:00,505,405,588,1400,1175,15.0,100.0
2021-01-01,19:07:00,506,406,568,1050,1100,14.9,99.9
2021-01-01,19:08:00,506,406,568,1550,1100,15.0,100.0
2021-01-01,19:09:00,507,407,552,1300,1100,14.9,99.9
2021-01-01,19:10:00,507,407,552,1300,1100,15.0,99.9
2021-01-01,19:11:00,508,408,532,950,1025,14.9,99.80000000000001
2021-01-01,19:12:00,509,409,516,1450,1025,15.0,100.0
2021-01-01,19:13:00,510,410,504,1250,925,14.9,99.9
2021-01-01,19:14:00,511,411,484,900,850,15.0,99.80000000000001
2021-01-01,19:15:00,512,412,468,1400,850,14.9,100.0
2021-01-01,19:16:00,513,413,448,1050,775,15.0,99.9
2021-01-01,19:17:00,514,414,436,1550,675,14.9,100.0
2021-01-01,19:18:00,515,415,420,1300,675,15.0,99.9
2021-01-01,19:19:00,516,416,408,1100,575,14.9,99.80000000000001
2021-01-01,19:20:00,516,416,408,1100,575,15.0,99.80000000000001
2021-01-01,19:21:00,517,417,392,850,575,14.9,99.70000000000002
2021-01-01,19:22:00,518,418,372,1350,500,15.0,100.0
2021-01-01,19:23:00,518,418,372,1350,500,15.0,100.0
2021-01-01,19:24:00,519,419,352,1000,425,14.9,99.9
2021-01-01,19:25:00,519,419,352,1500,425,15.0,100.0
2021-01-01,19:26:00,519,419,352,1500,425,15.0,100.0
2021-01-01,19:27:00,519,419,352,1500,425,15.0,100.0
2021-01-01,19:28:00,519,419,352,1500,425,15.0,100.0
2021-01-01,19:29:00,520,420,332,1150,350,14.9,99.9
2021-01-01,19:30:00,520,420,332,1150,350,15.0,99.9
2021-01-01,19:31:00,521,421,316,900,350,14.9,99.80000000000001
2021-01-01,19:32:00,522,422,304,1400,250,15.0,100.0
2021-01-01,19:33:00,523,423,288,1150,250,14.9,99.9
2021-01-01,19:34:00,524,424,272,900,250,15.0,99.80000000000001
2021-01-01,19:35:00,525,425,252,1400,175,14.9,100.0
2021-01-01,19:36:00,525,425,252,1400,1125,15.0,100.0
2021-01-01,19:37:00,526,426,240,1200,1025,14.9,99.9
2021-01-01,19:38:00,527,427,228,1000,925,15.0,99.80000000000001
2021-01-01,19:39:00,528,428,216,1500,825,14.9,100.0
2021-01-01,19:40:00,529,429,204,1300,725,15.0,99.9
2021-01-01,19:41:00,530,430,188,1050,725,14.9,99.80000000000001
2021-01-01,19:42:00,531,431,642,1550,650,15.0,100.0
2021-01-01,19:43:00,532,432,630,1350,550,14.9,99.9
2021-01-01,19:44:00,533,433,610,1000,475,15.0,99.80000000000001
2021-01-01,19:45:00,534,434,598,1500,375,14.9,100.0
2021-01-01,19:46:00,535,435,582,1250,375,15.0,99.9
2021-01-01,19:47:00,535,435,582,1250,375,15.0,99.9
2021-01-01,19:48:00,536,436,566,1000,375,14.9,99.80000000000001
2021-01-01,19:49:00,537,437,546,1500,300,15.0,100.0
2021-01-01,19:50:00,538,438,530,1250,300,14.9,99.9
2021-01-01,19:51:00,539,439,518,1050,200,15.0,99.80000000000001
2021-01-01,19:52:00,540,440,502,1550,1150,14.9,100.0
2021-01-01,19:53:00,541,441,486,1300,1150,15.0,99.9
2021-01-01,19:54:00,542,442,470,1050,1150,14.9,99.80000000000001
2021-01-01,19:55:00,543,443,450,1550,1075,15.0,100.0
2021-01-01,19:56:00,544,444,434,1300,1075,14.9,99.9
2021-01-01,19:57:00,545,445,422,1100,975,15.0,99.80000000000001
2021-01-01,19:58:00,546,446,406,850,975,14.9,99.70000000000002
2021-01-01,19:59:00,546,446,406,1350,975,15.0,100.0
2021-01-01,20:00:00,546,446,406,1350,975,15.0,100.0
2021-01-01,20:01:00,546,446,406,1350,975,15.0,100.0
2021-01-01,20:02:00,547,447,386,1000,900,14.9,99.9
2021-01-01,20:03:00,547,447,386,1500,900,15.0,100.0
2021-01-01,20:04:00,548,448,366,1150,825,14.9,99.9
2021-01-01,20:05:00,549,449,354,950,725,15.0,99.80000000000001
2021-01-01,20:06:00,549,449,354,1450,725,15.0,100.0
2021-01-01,20:07:00,549,449,354,1450,725,15.0,100.0
2021-01-01,20:08:00,549,449,354,1450,725,15.0,100.0
2021-01-01,20:09:00,550,450,338,1200,725,14.9,99.9
2021-01-01,20:10:00,551,451,318,850,650,15.0,99.80000000000001
2021-01-01,20:11:00,552,452,302,1350,650,14.9,100.0
2021-01-01,20:12:00,553,453,286,1100,650,15.0,99.9
2021-01-01,20:13:00,554,454,266,750,575,14.9,99.80000000000001
2021-01-01,20:14:00,554,454,266,1250,575,15.0,100.0
2021-01-01,20:15:00,554,454,266,1250,575,15.0,100.0
2021-01-01,20:16:00,555,455,254,1050,475,14.9,99.9
2021-01-01,20:17:00,556,456,234,1550,400,15.0,100.0
2021-01-01,20:18:00,557,457,214,1200,325,14.9,99.9
2021-01-01,20:19:00,558,458,194,850,250,15.0,99.80000000000001
2021-01-01,20:20:00,559,459,648,1350,150,14.9,100.0
2021-01-01,20:21:00,560,460,636,1150,1100,15.0,99.9
2021-01-01,20:22:00,561,461,620,900,1100,14.9,99.80000000000001
2021-01-01,20:23:00,562,462,600,1400,1025,15.0,100.0
2021-01-01,20:24:00,563,463,580,1050,950,14.9,99.9
2021-01-01,20:25:00,564,464,560,1550,875,15.0,100.0
2021-01-01,20:26:00,565,465,540,1200,800,14.9,99.9
2021-01-01,20:27:00,566,466,524,950,800,15.0,99.80000000000001
2021-01-01,20:28:00,567,467,504,1450,725,14.9,100.0
2021-01-01,20:29:00,568,468,488,1200,725,15.0,99.9
2021-01-01,20:30:00,569,469,468,850,650,14.9,99.80000000000001
2021-01-01,20:31:00,570,470,456,1350,550,15.0,100.0
2021-01-01,20:32:00,571,471,440,1100,550,14.9,99.9
2021-01-01,20:33:00,572,472,428,900,450,15.0,99.80000000000001
2021-01-01,20:34:00,573,473,412,1400,450,14.9,100.0
2021-01-01,20:35:00,573,473,412,1400,450,15.0,100.0
2021-01-01,20:36:00,574,474,396,1150,450,14.9,99.9
2021-01-01,20:37:00,574,474,396,1150,450,15.0,99.9
2021-01-01,20:38:00,575,475,376,800,375,14.9,99.80000000000001
2021-01-01,20:39:00,575,475,376,1300,375,15.0,100.0
2021-01-01,20:40:00,576,476,360,1050,375,14.9,99.9
2021-01-01,20:41:00,577,477,340,1550,300,15.0,100.0
2021-01-01,20:42:00,578,478,328,1350,200,14.9,99.9
2021-01-01,20:43:00,579,479,308,1000,1150,15.0,99.80000000000001
2021-01-01,20:44:00,580,480,288,1500,1075,14.9,100.0
2021-01-01,20:45:00,581,481,276,1300,975,15.0,99.9
2021-01-01,20:46:00,582,482,264,1100,875,14.9,99.80000000000001
2021-01-01,20:47:00,583,483,252,900,775,15.0,99.70000000000002
2021-01-01,20:48:00,584,484,232,1400,700,14.9,100.0
2021-01-01,20:49:00,584,484,232,1400,700,15.0,100.0
2021-01-01,20:50:00,585,485,216,1150,700,14.9,99.9
2021-01-01,20:51:00,586,486,204,950,600,15.0,99.80000000000001
2021-01-01,20:52:00,587,487,184,1450,525,14.9,100.0
2021-01-01,20:53:00,588,488,638,1250,425,15.0,99.9
2021-01-01,20:54:00,589,489,618,900,350,14.9,99.80000000000001
2021-01-01,20:55:00,590,490,606,1400,250,15.0,100.0
2021-01-01,20:56:00,591,491,586,1050,175,14.9,99.9
2021-01-01,20:57:00,592,492,566,1550,1125,15.0,100.0
2021-01-01,20:58:00,592,492,566,1550,1125,15.0,100.0
2021-01-01,20:59:00,592,492,566,1550,1125,15.0,100.0
